STATION,STATION_NAME,YEAR,Month,Flag,AvgOfTPCP,Missing,Consecutive Missing
GHCND:USC00026706,PORTAL AZ US,1930,1,1,280,0,0
GHCND:USC00026706,PORTAL AZ US,1930,2,1,236,0,0
GHCND:USC00026706,PORTAL AZ US,1930,3,1,588,0,0
GHCND:USC00026706,PORTAL AZ US,1930,4,1,203,0,0
GHCND:USC00026706,PORTAL AZ US,1930,5,1,124,0,0
GHCND:USC00026706,PORTAL AZ US,1930,6,1,488,0,0
GHCND:USC00026706,PORTAL AZ US,1930,7,1,1645,0,0
GHCND:USC00026706,PORTAL AZ US,1930,8,1,714,0,0
GHCND:USC00026706,PORTAL AZ US,1930,9,1,203,0,0
GHCND:USC00026706,PORTAL AZ US,1930,10,1,0,0,0
GHCND:USC00026706,PORTAL AZ US,1930,11,1,518,0,0
GHCND:USC00026706,PORTAL AZ US,1930,12,1,246,0,0
GHCND:USC00026706,PORTAL AZ US,1931,1,1,322,0,0
GHCND:USC00026706,PORTAL AZ US,1931,2,1,1618,0,0
GHCND:USC00026706,PORTAL AZ US,1931,3,1,0,0,0
GHCND:USC00026706,PORTAL AZ US,1931,4,1,307,0,0
GHCND:USC00026706,PORTAL AZ US,1931,5,1,191,0,0
GHCND:USC00026706,PORTAL AZ US,1931,6,1,76,0,0
GHCND:USC00026706,PORTAL AZ US,1931,7,1,572,0,0
GHCND:USC00026706,PORTAL AZ US,1931,8,1,1413,0,0
GHCND:USC00026706,PORTAL AZ US,1931,9,1,832,0,0
GHCND:USC00026706,PORTAL AZ US,1931,10,1,229,0,0
GHCND:USC00026706,PORTAL AZ US,1931,11,1,635,0,0
GHCND:USC00026706,PORTAL AZ US,1931,12,1,394,0,0
GHCND:USC00026706,PORTAL AZ US,1932,1,1,431,0,0
GHCND:USC00026706,PORTAL AZ US,1932,2,1,442,0,0
GHCND:USC00026706,PORTAL AZ US,1932,3,1,0,0,0
GHCND:USC00026706,PORTAL AZ US,1932,4,1,0,0,0
GHCND:USC00026706,PORTAL AZ US,1932,5,1,0,0,0
GHCND:USC00026706,PORTAL AZ US,1932,6,1,0,0,0
GHCND:USC00026706,PORTAL AZ US,1932,7,1,1462,0,0
GHCND:USC00026706,PORTAL AZ US,1932,8,1,1003,0,0
GHCND:USC00026706,PORTAL AZ US,1932,10,1,310,0,0
GHCND:USC00026706,PORTAL AZ US,1932,11,1,0,0,0
GHCND:USC00026706,PORTAL AZ US,1932,12,1,593,0,0
GHCND:USC00026706,PORTAL AZ US,1933,1,1,516,0,0
GHCND:USC00026706,PORTAL AZ US,1933,2,1,495,0,0
GHCND:USC00026706,PORTAL AZ US,1933,3,1,0,0,0
GHCND:USC00026706,PORTAL AZ US,1933,4,1,61,0,0
GHCND:USC00026706,PORTAL AZ US,1933,5,1,10,0,0
GHCND:USC00026706,PORTAL AZ US,1933,6,1,325,0,0
GHCND:USC00026706,PORTAL AZ US,1933,7,1,820,0,0
GHCND:USC00026706,PORTAL AZ US,1933,8,1,514,0,0
GHCND:USC00026706,PORTAL AZ US,1933,9,1,553,0,0
GHCND:USC00026706,PORTAL AZ US,1933,10,1,548,0,0
GHCND:USC00026706,PORTAL AZ US,1933,11,1,287,0,0
GHCND:USC00026706,PORTAL AZ US,1933,12,1,0,0,0
GHCND:USC00026706,PORTAL AZ US,1934,1,1,51,0,0
GHCND:USC00026706,PORTAL AZ US,1934,2,1,313,0,0
GHCND:USC00026706,PORTAL AZ US,1934,3,1,122,0,0
GHCND:USC00026706,PORTAL AZ US,1934,4,1,182,0,0
GHCND:USC00026706,PORTAL AZ US,1934,5,1,0,0,0
GHCND:USC00026706,PORTAL AZ US,1934,6,1,64,0,0
GHCND:USC00026706,PORTAL AZ US,1934,7,1,539,0,0
GHCND:USC00026706,PORTAL AZ US,1934,8,1,1118,0,0
GHCND:USC00026706,PORTAL AZ US,1934,9,1,348,0,0
GHCND:USC00026706,PORTAL AZ US,1934,10,1,214,0,0
GHCND:USC00026706,PORTAL AZ US,1934,11,1,216,0,0
GHCND:USC00026706,PORTAL AZ US,1934,12,1,683,0,0
GHCND:USC00026706,PORTAL AZ US,1935,1,1,152,0,0
GHCND:USC00026706,PORTAL AZ US,1935,2,1,270,0,0
GHCND:USC00026706,PORTAL AZ US,1935,3,1,142,0,0
GHCND:USC00026706,PORTAL AZ US,1935,4,1,13,0,0
GHCND:USC00026706,PORTAL AZ US,1935,5,1,279,0,0
GHCND:USC00026706,PORTAL AZ US,1935,6,1,68,0,0
GHCND:USC00026706,PORTAL AZ US,1935,7,1,33,0,0
GHCND:USC00026706,PORTAL AZ US,1935,8,1,1567,0,0
GHCND:USC00026706,PORTAL AZ US,1935,9,1,531,0,0
GHCND:USC00026706,PORTAL AZ US,1935,10,1,0,0,0
GHCND:USC00026706,PORTAL AZ US,1935,11,1,249,0,0
GHCND:USC00026706,PORTAL AZ US,1935,12,1,363,0,0
GHCND:USC00026706,PORTAL AZ US,1936,1,1,132,0,0
GHCND:USC00026706,PORTAL AZ US,1936,2,1,157,0,0
GHCND:USC00026706,PORTAL AZ US,1936,3,1,162,0,0
GHCND:USC00026706,PORTAL AZ US,1936,4,1,33,0,0
GHCND:USC00026706,PORTAL AZ US,1936,5,1,0,0,0
GHCND:USC00026706,PORTAL AZ US,1936,6,1,28,0,0
GHCND:USC00026706,PORTAL AZ US,1936,7,1,361,0,0
GHCND:USC00026706,PORTAL AZ US,1936,8,1,798,0,0
GHCND:USC00026706,PORTAL AZ US,1936,9,1,779,0,0
GHCND:USC00026706,PORTAL AZ US,1937,1,1,305,0,0
GHCND:USC00026706,PORTAL AZ US,1937,2,1,622,0,0
GHCND:USC00026706,PORTAL AZ US,1937,3,1,482,0,0
GHCND:USC00026706,PORTAL AZ US,1937,4,1,0,0,0
GHCND:USC00026706,PORTAL AZ US,1937,5,1,83,0,0
GHCND:USC00026706,PORTAL AZ US,1937,6,1,166,0,0
GHCND:USC00026706,PORTAL AZ US,1937,7,1,474,0,0
GHCND:USC00026706,PORTAL AZ US,1937,8,1,358,0,0
GHCND:USC00026706,PORTAL AZ US,1937,9,1,615,0,0
GHCND:USC00026706,PORTAL AZ US,1937,10,1,551,0,0
GHCND:USC00026706,PORTAL AZ US,1937,11,1,13,0,0
GHCND:USC00026706,PORTAL AZ US,1937,12,1,571,0,0
GHCND:USC00026706,PORTAL AZ US,1938,1,1,188,0,0
GHCND:USC00026706,PORTAL AZ US,1938,2,1,277,0,0
GHCND:USC00026706,PORTAL AZ US,1938,3,1,279,0,0
GHCND:USC00026706,PORTAL AZ US,1938,4,1,41,0,0
GHCND:USC00026706,PORTAL AZ US,1938,5,1,3,0,0
GHCND:USC00026706,PORTAL AZ US,1938,6,1,178,0,0
GHCND:USC00026706,PORTAL AZ US,1938,7,1,760,0,0
GHCND:USC00026706,PORTAL AZ US,1938,8,1,479,0,0
GHCND:USC00026706,PORTAL AZ US,1938,9,1,827,0,0
GHCND:USC00026706,PORTAL AZ US,1938,10,1,18,0,0
GHCND:USC00026706,PORTAL AZ US,1938,11,1,0,0,0
GHCND:USC00026706,PORTAL AZ US,1938,12,1,668,0,0
GHCND:USC00026706,PORTAL AZ US,1939,1,1,48,0,0
GHCND:USC00026706,PORTAL AZ US,1939,2,1,343,0,0
GHCND:USC00026706,PORTAL AZ US,1939,3,1,98,0,0
GHCND:USC00026706,PORTAL AZ US,1939,4,1,146,0,0
GHCND:USC00026706,PORTAL AZ US,1939,5,1,0,0,0
GHCND:USC00026706,PORTAL AZ US,1939,6,1,69,0,0
GHCND:USC00026706,PORTAL AZ US,1939,7,1,815,0,0
GHCND:USC00026706,PORTAL AZ US,1939,8,1,642,0,0
GHCND:USC00026706,PORTAL AZ US,1939,9,1,333,0,0
GHCND:USC00026706,PORTAL AZ US,1939,10,1,222,0,0
GHCND:USC00026706,PORTAL AZ US,1939,11,1,555,0,0
GHCND:USC00026706,PORTAL AZ US,1939,12,1,351,0,0
GHCND:USC00026706,PORTAL AZ US,1940,1,1,280,0,0
GHCND:USC00026706,PORTAL AZ US,1940,2,1,592,0,0
GHCND:USC00026706,PORTAL AZ US,1940,3,1,89,0,0
GHCND:USC00026706,PORTAL AZ US,1940,4,1,71,0,0
GHCND:USC00026706,PORTAL AZ US,1940,5,1,176,0,0
GHCND:USC00026706,PORTAL AZ US,1940,6,1,352,0,0
GHCND:USC00026706,PORTAL AZ US,1940,7,1,886,0,0
GHCND:USC00026706,PORTAL AZ US,1940,8,1,989,0,0
GHCND:USC00026706,PORTAL AZ US,1940,9,1,997,0,0
GHCND:USC00026706,PORTAL AZ US,1940,10,1,111,0,0
GHCND:USC00026706,PORTAL AZ US,1940,11,1,298,0,0
GHCND:USC00026706,PORTAL AZ US,1940,12,1,518,0,0
GHCND:USC00026706,PORTAL AZ US,1941,1,1,380,0,0
GHCND:USC00026706,PORTAL AZ US,1941,2,1,410,0,0
GHCND:USC00026706,PORTAL AZ US,1941,3,1,555,0,0
GHCND:USC00026706,PORTAL AZ US,1941,4,1,460,0,0
GHCND:USC00026706,PORTAL AZ US,1941,5,1,365,0,0
GHCND:USC00026706,PORTAL AZ US,1941,6,1,112,0,0
GHCND:USC00026706,PORTAL AZ US,1941,7,1,1109,0,0
GHCND:USC00026706,PORTAL AZ US,1941,8,1,1393,0,0
GHCND:USC00026706,PORTAL AZ US,1941,9,1,973,0,0
GHCND:USC00026706,PORTAL AZ US,1941,10,1,236,0,0
GHCND:USC00026706,PORTAL AZ US,1941,11,1,319,0,0
GHCND:USC00026706,PORTAL AZ US,1941,12,1,581,0,0
GHCND:USC00026706,PORTAL AZ US,1942,1,1,143,0,0
GHCND:USC00026706,PORTAL AZ US,1942,2,1,491,0,0
GHCND:USC00026706,PORTAL AZ US,1942,3,1,120,0,0
GHCND:USC00026706,PORTAL AZ US,1942,4,1,221,0,0
GHCND:USC00026706,PORTAL AZ US,1942,5,1,5,0,0
GHCND:USC00026706,PORTAL AZ US,1942,6,1,0,0,0
GHCND:USC00026706,PORTAL AZ US,1942,7,1,707,0,0
GHCND:USC00026706,PORTAL AZ US,1942,8,1,2011,0,0
GHCND:USC00026706,PORTAL AZ US,1942,9,1,749,0,0
GHCND:USC00026706,PORTAL AZ US,1942,10,1,527,0,0
GHCND:USC00026706,PORTAL AZ US,1942,11,1,0,0,0
GHCND:USC00026706,PORTAL AZ US,1942,12,1,13090,0,0
GHCND:USC00026706,PORTAL AZ US,1944,1,1,153,0,0
GHCND:USC00026706,PORTAL AZ US,1944,2,1,401,0,0
GHCND:USC00026706,PORTAL AZ US,1944,3,1,129,0,0
GHCND:USC00026706,PORTAL AZ US,1944,4,1,23,0,0
GHCND:USC00026706,PORTAL AZ US,1944,5,1,0,0,0
GHCND:USC00026706,PORTAL AZ US,1945,3,1,424,0,0
GHCND:USC00026706,PORTAL AZ US,1945,4,1,16,0,0
GHCND:USC00026706,PORTAL AZ US,1945,5,1,0,0,0
GHCND:USC00026706,PORTAL AZ US,1945,6,1,0,0,0
GHCND:USC00026706,PORTAL AZ US,1945,7,1,554,0,0
GHCND:USC00026706,PORTAL AZ US,1945,8,1,808,0,0
GHCND:USC00026706,PORTAL AZ US,1945,9,1,427,0,0
GHCND:USC00026706,PORTAL AZ US,1945,10,1,883,0,0
GHCND:USC00026706,PORTAL AZ US,1945,11,1,0,0,0
GHCND:USC00026706,PORTAL AZ US,1945,12,1,31,0,0
GHCND:USC00026706,PORTAL AZ US,1946,1,1,605,0,0
GHCND:USC00026706,PORTAL AZ US,1946,2,1,0,0,0
GHCND:USC00026706,PORTAL AZ US,1946,3,1,125,0,0
GHCND:USC00026706,PORTAL AZ US,1946,4,1,395,0,0
GHCND:USC00026706,PORTAL AZ US,1946,5,1,8,0,0
GHCND:USC00026706,PORTAL AZ US,1946,6,1,274,0,0
GHCND:USC00026706,PORTAL AZ US,1946,7,1,742,0,0
GHCND:USC00026706,PORTAL AZ US,1946,8,1,935,0,0
GHCND:USC00026706,PORTAL AZ US,1946,9,1,936,0,0
GHCND:USC00026706,PORTAL AZ US,1946,10,1,84,0,0
GHCND:USC00026706,PORTAL AZ US,1946,11,1,76,0,0
GHCND:USC00026706,PORTAL AZ US,1946,12,1,201,0,0
GHCND:USC00026706,PORTAL AZ US,1947,1,1,338,0,0
GHCND:USC00026706,PORTAL AZ US,1947,2,1,23,0,0
GHCND:USC00026706,PORTAL AZ US,1947,3,1,86,0,0
GHCND:USC00026706,PORTAL AZ US,1947,4,1,36,0,0
GHCND:USC00026706,PORTAL AZ US,1947,5,1,158,0,0
GHCND:USC00026706,PORTAL AZ US,1947,6,1,162,0,0
GHCND:USC00026706,PORTAL AZ US,1947,7,1,421,0,0
GHCND:USC00026706,PORTAL AZ US,1947,8,1,1484,0,0
GHCND:USC00026706,PORTAL AZ US,1947,9,1,221,0,0
GHCND:USC00026706,PORTAL AZ US,1947,10,1,43,0,0
GHCND:USC00026706,PORTAL AZ US,1947,11,1,38,0,0
GHCND:USC00026706,PORTAL AZ US,1947,12,1,142,0,0
GHCND:USC00026706,PORTAL AZ US,1948,1,1,138,0,0
GHCND:USC00026706,PORTAL AZ US,1948,2,1,255,0,0
GHCND:USC00026706,PORTAL AZ US,1948,3,1,73,0,0
GHCND:USC00026706,PORTAL AZ US,1948,4,1,45,0,0
GHCND:USC00026706,PORTAL AZ US,1948,5,1,0,0,0
GHCND:USC00026706,PORTAL AZ US,1948,6,1,122,0,0
GHCND:USC00026706,PORTAL AZ US,1948,7,1,348,0,0
GHCND:USC00026706,PORTAL AZ US,1948,8,1,655,0,0
GHCND:USC00026706,PORTAL AZ US,1948,9,1,238,0,0
GHCND:USC00026706,PORTAL AZ US,1948,10,1,254,0,0
GHCND:USC00026706,PORTAL AZ US,1948,11,1,30,0,0
GHCND:USC00026706,PORTAL AZ US,1948,12,1,694,0,0
GHCND:USC00026706,PORTAL AZ US,1949,1,1,1000,0,0
GHCND:USC00026706,PORTAL AZ US,1949,2,1,323,0,0
GHCND:USC00026706,PORTAL AZ US,1949,3,1,125,0,0
GHCND:USC00026706,PORTAL AZ US,1949,4,1,36,0,0
GHCND:USC00026706,PORTAL AZ US,1949,5,1,10,0,0
GHCND:USC00026706,PORTAL AZ US,1949,6,1,325,0,0
GHCND:USC00026706,PORTAL AZ US,1949,7,1,809,0,0
GHCND:USC00026706,PORTAL AZ US,1949,8,1,803,0,0
GHCND:USC00026706,PORTAL AZ US,1949,9,1,751,0,0
GHCND:USC00026706,PORTAL AZ US,1949,10,1,194,0,0
GHCND:USC00026706,PORTAL AZ US,1949,11,1,10,0,0
GHCND:USC00026706,PORTAL AZ US,1949,12,1,389,0,0
GHCND:USC00026706,PORTAL AZ US,1950,1,1,79,0,0
GHCND:USC00026706,PORTAL AZ US,1950,2,1,104,0,0
GHCND:USC00026706,PORTAL AZ US,1950,3,1,92,0,0
GHCND:USC00026706,PORTAL AZ US,1950,4,1,8,0,0
GHCND:USC00026706,PORTAL AZ US,1950,5,1,0,0,0
GHCND:USC00026706,PORTAL AZ US,1950,6,1,280,0,0
GHCND:USC00026706,PORTAL AZ US,1950,7,1,1350,0,0
GHCND:USC00026706,PORTAL AZ US,1950,8,1,391,0,0
GHCND:USC00026706,PORTAL AZ US,1950,9,1,118,0,0
GHCND:USC00026706,PORTAL AZ US,1950,10,1,173,0,0
GHCND:USC00026706,PORTAL AZ US,1950,11,1,0,0,0
GHCND:USC00026706,PORTAL AZ US,1950,12,1,0,0,0
GHCND:average,PORTAL AZ US 4-2 SW,1951,1,1,356,0,0
GHCND:average,PORTAL AZ US 4-2 SW,1951,2,1,80,0,0
GHCND:average,PORTAL AZ US 4-2 SW,1951,3,1,279.5,0,0
GHCND:average,PORTAL AZ US 4-2 SW,1951,4,1,479,0,0
GHCND:average,PORTAL AZ US 4-2 SW,1951,5,1,10,0,0
GHCND:average,PORTAL AZ US 4-2 SW,1951,6,1,0,0,0
GHCND:average,PORTAL AZ US 4-2 SW,1951,7,1,522.5,0,0
GHCND:average,PORTAL AZ US 4-2 SW,1951,8,1,571.5,0,0
GHCND:average,PORTAL AZ US 4-2 SW,1951,9,1,61.5,0,0
GHCND:average,PORTAL AZ US 4-2 SW,1951,10,1,422.5,0,0
GHCND:average,PORTAL AZ US 4-2 SW,1951,11,1,231.5,0,0
GHCND:average,PORTAL AZ US 4-2 SW,1951,12,1,483,0,0
GHCND:average,PORTAL AZ US 4-2 SW,1952,1,1,246.5,0,0
GHCND:average,PORTAL AZ US 4-2 SW,1952,2,1,44.5,0,0
GHCND:average,PORTAL AZ US 4-2 SW,1952,3,1,601,0,0
GHCND:average,PORTAL AZ US 4-2 SW,1952,4,1,304,0,0
GHCND:average,PORTAL AZ US 4-2 SW,1952,5,1,81.5,0,0
GHCND:average,PORTAL AZ US 4-2 SW,1952,6,1,702.5,0,0
GHCND:average,PORTAL AZ US 4-2 SW,1952,7,1,1021.5,0,0
GHCND:average,PORTAL AZ US 4-2 SW,1952,8,1,775.5,0,0
GHCND:average,PORTAL AZ US 4-2 SW,1952,9,1,219,0,0
GHCND:average,PORTAL AZ US 4-2 SW,1952,10,1,0,0,0
GHCND:average,PORTAL AZ US 4-2 SW,1952,11,1,425.5,0,0
GHCND:average,PORTAL AZ US 4-2 SW,1952,12,1,330.5,0,0
GHCND:average,PORTAL AZ US 4-2 SW,1953,1,1,0,0,0
GHCND:average,PORTAL AZ US 4-2 SW,1953,2,1,545,0,0
GHCND:average,PORTAL AZ US 4-2 SW,1953,3,1,262.5,0,0
GHCND:average,PORTAL AZ US 4-2 SW,1953,4,1,47.5,0,0
GHCND:average,PORTAL AZ US 4-2 SW,1953,5,1,0,0,0
GHCND:average,PORTAL AZ US 4-2 SW,1953,6,1,203.5,0,0
GHCND:average,PORTAL AZ US 4-2 SW,1953,7,1,1356,0,0
GHCND:average,PORTAL AZ US 4-2 SW,1953,8,1,161.5,0,0
GHCND:average,PORTAL AZ US 4-2 SW,1953,9,1,24,0,0
GHCND:average,PORTAL AZ US 4-2 SW,1953,10,1,62.5,0,0
GHCND:average,PORTAL AZ US 4-2 SW,1953,11,1,143.5,0,0
GHCND:average,PORTAL AZ US 4-2 SW,1953,12,1,154,0,0
GHCND:average,PORTAL AZ US 4-2 SW,1954,1,1,301.5,0,0
GHCND:average,PORTAL AZ US 4-2 SW,1954,2,1,81,0,0
GHCND:average,PORTAL AZ US 4-2 SW,1954,3,1,608.5,0,0
GHCND:average,PORTAL AZ US 4-2 SW,1954,4,1,0,0,0
GHCND:average,PORTAL AZ US 4-2 SW,1954,5,1,126.5,0,0
GHCND:average,PORTAL AZ US 4-2 SW,1954,6,1,37,0,0
GHCND:average,PORTAL AZ US 4-2 SW,1954,7,1,1162.5,0,0
GHCND:average,PORTAL AZ US 4-2 SW,1954,8,1,1340,0,0
GHCND:average,PORTAL AZ US 4-2 SW,1954,9,1,262.5,0,0
GHCND:average,PORTAL AZ US 4-2 SW,1954,10,1,254.5,0,0
GHCND:average,PORTAL AZ US 4-2 SW,1954,11,1,0,0,0
GHCND:average,PORTAL AZ US 4-2 SW,1954,12,1,32,0,0
GHCND:USC00026186,PORTAL 4-2 SW AZ US,1955,1,1,471,0,0
GHCND:USC00026186,PORTAL 4-2 SW AZ US,1955,2,1,42,0,0
GHCND:USC00026186,PORTAL 4-2 SW AZ US,1955,3,1,340.5,0,0
GHCND:USC00026186,PORTAL 4-2 SW AZ US,1955,4,1,0,0,0
GHCND:USC00026186,PORTAL 4-2 SW AZ US,1955,5,1,208,0,0
GHCND:USC00026186,PORTAL 4-2 SW AZ US,1955,6,1,74,0,0
GHCND:USC00026186,PORTAL 4-2 SW AZ US,1955,7,1,1342,0,0
GHCND:USC00026186,PORTAL 4-2 SW AZ US,1955,8,1,1069,0,0
GHCND:USC00026186,PORTAL 4-2 SW AZ US,1955,9,1,53,0,0
GHCND:USC00026186,PORTAL 4-2 SW AZ US,1955,10,1,266,0,0
GHCND:USC00026186,PORTAL 4-2 SW AZ US,1955,11,1,18,0,0
GHCND:USC00026186,PORTAL 4-2 SW AZ US,1955,12,1,84,0,0
GHCND:USC00026186,PORTAL 4-2 SW AZ US,1956,1,1,96,0,0
GHCND:USC00026186,PORTAL 4-2 SW AZ US,1956,2,1,119,0,0
GHCND:USC00026186,PORTAL 4-2 SW AZ US,1956,3,1,0,0,0
GHCND:USC00026186,PORTAL 4-2 SW AZ US,1956,4,1,38,0,0
GHCND:USC00026186,PORTAL 4-2 SW AZ US,1956,5,1,41,0,0
GHCND:USC00026186,PORTAL 4-2 SW AZ US,1956,6,1,133,0,0
GHCND:USC00026186,PORTAL 4-2 SW AZ US,1956,7,1,1324,0,0
GHCND:USC00026186,PORTAL 4-2 SW AZ US,1956,8,1,551,0,0
GHCND:USC00026186,PORTAL 4-2 SW AZ US,1956,9,1,36,0,0
GHCND:USC00026186,PORTAL 4-2 SW AZ US,1956,10,1,173,0,0
GHCND:USC00026186,PORTAL 4-2 SW AZ US,1956,11,1,0,0,0
GHCND:USC00026186,PORTAL 4-2 SW AZ US,1956,12,1,90,0,0
GHCND:USC00026186,PORTAL 4-2 SW AZ US,1957,1,1,687,0,0
GHCND:USC00026186,PORTAL 4-2 SW AZ US,1957,2,1,56,0,0
GHCND:USC00026186,PORTAL 4-2 SW AZ US,1957,3,1,455,0,0
GHCND:USC00026186,PORTAL 4-2 SW AZ US,1957,4,1,178,0,0
GHCND:USC00026186,PORTAL 4-2 SW AZ US,1957,5,1,299,0,0
GHCND:USC00026186,PORTAL 4-2 SW AZ US,1957,6,1,265,0,0
GHCND:USC00026186,PORTAL 4-2 SW AZ US,1957,7,1,726,0,0
GHCND:USC00026186,PORTAL 4-2 SW AZ US,1957,8,1,2227,0,0
GHCND:USC00026186,PORTAL 4-2 SW AZ US,1957,9,1,15,0,0
GHCND:USC00026186,PORTAL 4-2 SW AZ US,1957,10,1,483,0,0
GHCND:USC00026186,PORTAL 4-2 SW AZ US,1957,11,1,292,0,0
GHCND:USC00026186,PORTAL 4-2 SW AZ US,1957,12,1,120,0,0
GHCND:USC00026186,PORTAL 4-2 SW AZ US,1958,1,1,25,0,0
GHCND:USC00026186,PORTAL 4-2 SW AZ US,1958,2,1,419,0,0
GHCND:USC00026186,PORTAL 4-2 SW AZ US,1958,3,1,771,0,0
GHCND:USC00026186,PORTAL 4-2 SW AZ US,1958,4,1,178,0,0
GHCND:USC00026186,PORTAL 4-2 SW AZ US,1958,5,1,13,0,0
GHCND:USC00026186,PORTAL 4-2 SW AZ US,1958,6,1,156,0,0
GHCND:USC00026186,PORTAL 4-2 SW AZ US,1958,7,1,1424,0,0
GHCND:USC00026186,PORTAL 4-2 SW AZ US,1958,8,1,1102,0,0
GHCND:USC00026186,PORTAL 4-2 SW AZ US,1958,9,1,1113,0,0
GHCND:USC00026186,PORTAL 4-2 SW AZ US,1958,10,1,441,0,0
GHCND:USC00026186,PORTAL 4-2 SW AZ US,1958,11,1,181,0,0
GHCND:USC00026186,PORTAL 4-2 SW AZ US,1958,12,1,0,0,0
GHCND:USC00026186,PORTAL 4-2 SW AZ US,1959,1,1,160,0,0
GHCND:USC00026186,PORTAL 4-2 SW AZ US,1959,2,1,531,0,0
GHCND:USC00026186,PORTAL 4-2 SW AZ US,1959,3,1,30,0,0
GHCND:USC00026186,PORTAL 4-2 SW AZ US,1959,4,1,55,0,0
GHCND:USC00026186,PORTAL 4-2 SW AZ US,1959,5,1,0,0,0
GHCND:USC00026186,PORTAL 4-2 SW AZ US,1959,6,1,168,0,0
GHCND:USC00026186,PORTAL 4-2 SW AZ US,1959,7,1,978,0,0
GHCND:USC00026186,PORTAL 4-2 SW AZ US,1959,8,1,2678,0,0
GHCND:USC00026186,PORTAL 4-2 SW AZ US,1959,9,1,81,0,0
GHCND:USC00026186,PORTAL 4-2 SW AZ US,1959,11,1,240,0,0
GHCND:USC00026186,PORTAL 4-2 SW AZ US,1959,12,1,623,0,0
GHCND:USC00026186,PORTAL 4-2 SW AZ US,1960,1,1,1228,0,0
GHCND:USC00026186,PORTAL 4-2 SW AZ US,1960,2,1,104,0,0
GHCND:USC00026186,PORTAL 4-2 SW AZ US,1960,3,1,68,0,0
GHCND:USC00026186,PORTAL 4-2 SW AZ US,1960,4,1,0,0,0
GHCND:USC00026186,PORTAL 4-2 SW AZ US,1960,5,1,23,0,0
GHCND:USC00026186,PORTAL 4-2 SW AZ US,1960,6,1,0,0,0
GHCND:USC00026186,PORTAL 4-2 SW AZ US,1960,7,1,1527,0,0
GHCND:USC00026186,PORTAL 4-2 SW AZ US,1960,8,1,188,0,0
GHCND:USC00026186,PORTAL 4-2 SW AZ US,1960,9,1,443,0,0
GHCND:USC00026186,PORTAL 4-2 SW AZ US,1960,10,1,645,0,0
GHCND:USC00026186,PORTAL 4-2 SW AZ US,1960,11,1,13,0,0
GHCND:USC00026186,PORTAL 4-2 SW AZ US,1960,12,1,235,0,0
GHCND:USC00026186,PORTAL 4-2 SW AZ US,1961,1,1,254,0,0
GHCND:USC00026186,PORTAL 4-2 SW AZ US,1961,2,1,10,0,0
GHCND:USC00026186,PORTAL 4-2 SW AZ US,1961,3,1,110,0,0
GHCND:USC00026186,PORTAL 4-2 SW AZ US,1961,4,1,13,0,0
GHCND:USC00026186,PORTAL 4-2 SW AZ US,1961,5,1,0,0,0
GHCND:USC00026186,PORTAL 4-2 SW AZ US,1961,6,1,366,0,0
GHCND:USC00026186,PORTAL 4-2 SW AZ US,1961,7,1,519,0,0
GHCND:USC00026186,PORTAL 4-2 SW AZ US,1961,8,1,1739,0,0
GHCND:USC00026186,PORTAL 4-2 SW AZ US,1961,9,1,822,0,0
GHCND:USC00026186,PORTAL 4-2 SW AZ US,1961,10,1,442,0,0
GHCND:USC00026186,PORTAL 4-2 SW AZ US,1961,11,1,788,0,0
GHCND:USC00026186,PORTAL 4-2 SW AZ US,1961,12,1,675,0,0
GHCND:USC00026186,PORTAL 4-2 SW AZ US,1962,1,1,786,0,0
GHCND:USC00026186,PORTAL 4-2 SW AZ US,1962,2,1,21,0,0
GHCND:USC00026186,PORTAL 4-2 SW AZ US,1962,3,1,397,0,0
GHCND:USC00026186,PORTAL 4-2 SW AZ US,1962,4,1,30,0,0
GHCND:USC00026186,PORTAL 4-2 SW AZ US,1962,5,1,0,0,0
GHCND:USC00026186,PORTAL 4-2 SW AZ US,1962,6,1,386,0,0
GHCND:USC00026186,PORTAL 4-2 SW AZ US,1962,7,1,2386,0,0
GHCND:USC00026186,PORTAL 4-2 SW AZ US,1962,8,1,236,0,0
GHCND:USC00026186,PORTAL 4-2 SW AZ US,1962,9,1,583,0,0
GHCND:USC00026186,PORTAL 4-2 SW AZ US,1962,10,1,363,0,0
GHCND:USC00026186,PORTAL 4-2 SW AZ US,1962,11,1,170,0,0
GHCND:USC00026186,PORTAL 4-2 SW AZ US,1962,12,1,1148,0,0
GHCND:USC00026186,PORTAL 4-2 SW AZ US,1963,1,1,384,0,0
GHCND:USC00026186,PORTAL 4-2 SW AZ US,1963,2,1,188,0,0
GHCND:USC00026186,PORTAL 4-2 SW AZ US,1963,3,1,66,0,0
GHCND:USC00026186,PORTAL 4-2 SW AZ US,1963,4,1,193,0,0
GHCND:USC00026186,PORTAL 4-2 SW AZ US,1963,5,1,0,0,0
GHCND:USC00026186,PORTAL 4-2 SW AZ US,1963,6,1,56,0,0
GHCND:USC00026186,PORTAL 4-2 SW AZ US,1963,7,1,666,0,0
GHCND:USC00026186,PORTAL 4-2 SW AZ US,1963,8,1,2856,0,0
GHCND:USC00026186,PORTAL 4-2 SW AZ US,1963,9,1,305,0,0
GHCND:USC00026186,PORTAL 4-2 SW AZ US,1963,12,1,94,0,0
GHCND:USC00026186,PORTAL 4-2 SW AZ US,1964,1,1,43,0,0
GHCND:USC00026186,PORTAL 4-2 SW AZ US,1964,2,1,41,0,0
GHCND:USC00026186,PORTAL 4-2 SW AZ US,1964,3,1,181,0,0
GHCND:USC00026186,PORTAL 4-2 SW AZ US,1964,4,1,130,0,0
GHCND:USC00026186,PORTAL 4-2 SW AZ US,1964,5,1,0,0,0
GHCND:USC00026186,PORTAL 4-2 SW AZ US,1964,6,1,30,0,0
GHCND:USC00026186,PORTAL 4-2 SW AZ US,1964,7,1,1317,0,0
GHCND:USC00026186,PORTAL 4-2 SW AZ US,1964,8,1,729,0,0
GHCND:USC00026186,PORTAL 4-2 SW AZ US,1964,9,1,1851,0,0
GHCND:USC00026186,PORTAL 4-2 SW AZ US,1964,10,1,82,0,0
GHCND:USC00026186,PORTAL 4-2 SW AZ US,1964,11,1,95,0,0
GHCND:USC00026186,PORTAL 4-2 SW AZ US,1964,12,1,87,0,0
GHCND:USC00026186,PORTAL 4-2 SW AZ US,1965,1,1,447,0,0
GHCND:USC00026186,PORTAL 4-2 SW AZ US,1965,2,1,247,0,0
GHCND:USC00026716,PORTAL 4 SW AZ US,1965,3,1,170,0,0
GHCND:USC00026716,PORTAL 4 SW AZ US,1965,4,1,87,0,0
GHCND:USC00026716,PORTAL 4 SW AZ US,1965,5,1,11,0,0
GHCND:USC00026716,PORTAL 4 SW AZ US,1965,6,1,211,0,0
GHCND:USC00026716,PORTAL 4 SW AZ US,1965,7,1,1136,0,0
GHCND:USC00026716,PORTAL 4 SW AZ US,1965,8,1,1177,0,0
GHCND:USC00026716,PORTAL 4 SW AZ US,1965,9,1,854,0,0
GHCND:USC00026716,PORTAL 4 SW AZ US,1965,10,1,23,0,0
GHCND:USC00026716,PORTAL 4 SW AZ US,1965,11,1,176,0,0
GHCND:USC00026716,PORTAL 4 SW AZ US,1965,12,1,1755,0,0
GHCND:USC00026716,PORTAL 4 SW AZ US,1966,1,1,408,0,0
GHCND:USC00026716,PORTAL 4 SW AZ US,1966,2,1,422,0,0
GHCND:USC00026716,PORTAL 4 SW AZ US,1966,3,1,42,0,0
GHCND:USC00026716,PORTAL 4 SW AZ US,1966,4,1,135,0,0
GHCND:USC00026716,PORTAL 4 SW AZ US,1966,5,1,28,0,0
GHCND:USC00026716,PORTAL 4 SW AZ US,1966,6,1,424,0,0
GHCND:USC00026716,PORTAL 4 SW AZ US,1966,7,1,1217,0,0
GHCND:USC00026716,PORTAL 4 SW AZ US,1966,8,1,1409,0,0
GHCND:USC00026716,PORTAL 4 SW AZ US,1966,9,1,349,0,0
GHCND:USC00026716,PORTAL 4 SW AZ US,1966,10,1,6,0,0
GHCND:USC00026716,PORTAL 4 SW AZ US,1966,11,1,143,0,0
GHCND:USC00026716,PORTAL 4 SW AZ US,1966,12,1,272,0,0
GHCND:USC00026716,PORTAL 4 SW AZ US,1967,1,1,0,0,0
GHCND:USC00026716,PORTAL 4 SW AZ US,1967,2,1,238,0,0
GHCND:USC00026716,PORTAL 4 SW AZ US,1967,3,1,169,0,0
GHCND:USC00026716,PORTAL 4 SW AZ US,1967,4,1,87,0,0
GHCND:USC00026716,PORTAL 4 SW AZ US,1967,5,1,130,0,0
GHCND:USC00026716,PORTAL 4 SW AZ US,1967,6,1,574,0,0
GHCND:USC00026716,PORTAL 4 SW AZ US,1967,7,1,2131,0,0
GHCND:USC00026716,PORTAL 4 SW AZ US,1967,8,1,1041,0,0
GHCND:USC00026716,PORTAL 4 SW AZ US,1967,9,1,1925,0,0
GHCND:USC00026716,PORTAL 4 SW AZ US,1967,10,1,133,0,0
GHCND:USC00026716,PORTAL 4 SW AZ US,1967,11,1,204,0,0
GHCND:USC00026716,PORTAL 4 SW AZ US,1967,12,1,1933,0,0
GHCND:USC00026716,PORTAL 4 SW AZ US,1968,1,1,142,0,0
GHCND:USC00026716,PORTAL 4 SW AZ US,1968,2,1,555,0,0
GHCND:USC00026716,PORTAL 4 SW AZ US,1968,3,1,716,0,0
GHCND:USC00026716,PORTAL 4 SW AZ US,1968,4,1,158,0,0
GHCND:USC00026716,PORTAL 4 SW AZ US,1968,5,1,0,0,0
GHCND:USC00026716,PORTAL 4 SW AZ US,1968,6,1,10,0,0
GHCND:USC00026716,PORTAL 4 SW AZ US,1968,7,1,1498,0,0
GHCND:USC00026716,PORTAL 4 SW AZ US,1968,8,1,850,0,0
GHCND:USC00026716,PORTAL 4 SW AZ US,1968,9,1,94,0,0
GHCND:USC00026716,PORTAL 4 SW AZ US,1968,10,1,33,0,0
GHCND:USC00026716,PORTAL 4 SW AZ US,1968,11,1,516,0,0
GHCND:USC00026716,PORTAL 4 SW AZ US,1968,12,1,605,0,0
GHCND:USC00026716,PORTAL 4 SW AZ US,1969,1,1,143,0,0
GHCND:USC00026716,PORTAL 4 SW AZ US,1969,2,1,148,0,0
GHCND:USC00026716,PORTAL 4 SW AZ US,1969,3,1,135,0,0
GHCND:USC00026716,PORTAL 4 SW AZ US,1969,4,1,0,0,0
GHCND:USC00026716,PORTAL 4 SW AZ US,1969,5,1,286,0,0
GHCND:USC00026716,PORTAL 4 SW AZ US,1969,6,1,5,0,0
GHCND:USC00026716,PORTAL 4 SW AZ US,1969,7,1,1405,0,0
GHCND:USC00026716,PORTAL 4 SW AZ US,1969,8,1,526,0,0
GHCND:USC00026716,PORTAL 4 SW AZ US,1969,9,1,359,0,0
GHCND:USC00026716,PORTAL 4 SW AZ US,1969,10,1,315,0,0
GHCND:USC00026716,PORTAL 4 SW AZ US,1969,11,1,134,0,0
GHCND:USC00026716,PORTAL 4 SW AZ US,1969,12,1,360,0,0
GHCND:USC00026716,PORTAL 4 SW AZ US,1970,1,1,0,0,0
GHCND:USC00026716,PORTAL 4 SW AZ US,1970,2,1,152,0,0
GHCND:USC00026716,PORTAL 4 SW AZ US,1970,3,1,407,0,0
GHCND:USC00026716,PORTAL 4 SW AZ US,1970,4,1,124,0,0
GHCND:USC00026716,PORTAL 4 SW AZ US,1970,5,1,33,0,0
GHCND:USC00026716,PORTAL 4 SW AZ US,1970,6,1,254,0,0
GHCND:USC00026716,PORTAL 4 SW AZ US,1970,7,1,884,0,0
GHCND:USC00026716,PORTAL 4 SW AZ US,1970,8,1,907,0,0
GHCND:USC00026716,PORTAL 4 SW AZ US,1970,9,1,397,0,0
GHCND:USC00026716,PORTAL 4 SW AZ US,1970,10,1,132,0,0
GHCND:USC00026716,PORTAL 4 SW AZ US,1970,11,1,38,0,0
GHCND:USC00026716,PORTAL 4 SW AZ US,1970,12,1,271,0,0
GHCND:USC00026716,PORTAL 4 SW AZ US,1971,1,1,72,0,0
GHCND:USC00026716,PORTAL 4 SW AZ US,1971,2,1,76,0,0
GHCND:USC00026716,PORTAL 4 SW AZ US,1971,3,1,0,0,0
GHCND:USC00026716,PORTAL 4 SW AZ US,1971,4,1,208,0,0
GHCND:USC00026716,PORTAL 4 SW AZ US,1971,5,1,33,0,0
GHCND:USC00026716,PORTAL 4 SW AZ US,1971,6,1,3,0,0
GHCND:USC00026716,PORTAL 4 SW AZ US,1971,7,1,1122,0,0
GHCND:USC00026716,PORTAL 4 SW AZ US,1971,8,1,1322,0,0
GHCND:USC00026716,PORTAL 4 SW AZ US,1971,9,1,329,0,0
GHCND:USC00026716,PORTAL 4 SW AZ US,1971,10,1,1308,0,0
GHCND:USC00026716,PORTAL 4 SW AZ US,1971,11,1,155,0,0
GHCND:USC00026716,PORTAL 4 SW AZ US,1971,12,1,773,0,0
GHCND:USC00026716,PORTAL 4 SW AZ US,1972,1,1,10,0,0
GHCND:USC00026716,PORTAL 4 SW AZ US,1972,2,1,0,0,0
GHCND:USC00026716,PORTAL 4 SW AZ US,1972,3,1,8,0,0
GHCND:USC00026716,PORTAL 4 SW AZ US,1972,4,1,0,0,0
GHCND:USC00026716,PORTAL 4 SW AZ US,1972,5,1,49,0,0
GHCND:USC00026716,PORTAL 4 SW AZ US,1972,6,1,547,0,0
GHCND:USC00026716,PORTAL 4 SW AZ US,1972,7,1,1189,0,0
GHCND:USC00026716,PORTAL 4 SW AZ US,1972,8,1,1633,0,0
GHCND:USC00026716,PORTAL 4 SW AZ US,1972,9,1,785,0,0
GHCND:USC00026716,PORTAL 4 SW AZ US,1972,10,1,1667,0,0
GHCND:USC00026716,PORTAL 4 SW AZ US,1972,11,1,175,0,0
GHCND:USC00026716,PORTAL 4 SW AZ US,1972,12,1,376,0,0
GHCND:USC00026716,PORTAL 4 SW AZ US,1973,1,1,450,0,0
GHCND:USC00026716,PORTAL 4 SW AZ US,1973,2,1,684,0,0
GHCND:USC00026716,PORTAL 4 SW AZ US,1973,3,1,391,0,0
GHCND:USC00026716,PORTAL 4 SW AZ US,1973,4,1,6,0,0
GHCND:USC00026716,PORTAL 4 SW AZ US,1973,5,1,358,0,0
GHCND:USC00026716,PORTAL 4 SW AZ US,1973,6,1,96,0,0
GHCND:USC00026716,PORTAL 4 SW AZ US,1973,7,1,1336,0,0
GHCND:USC00026716,PORTAL 4 SW AZ US,1973,8,1,501,0,0
GHCND:USC00026716,PORTAL 4 SW AZ US,1973,9,1,156,0,0
GHCND:USC00026716,PORTAL 4 SW AZ US,1973,10,1,0,0,0
GHCND:USC00026716,PORTAL 4 SW AZ US,1973,11,1,76,0,0
GHCND:USC00026716,PORTAL 4 SW AZ US,1973,12,1,0,0,0
GHCND:USC00026716,PORTAL 4 SW AZ US,1974,1,1,307,0,0
GHCND:USC00026716,PORTAL 4 SW AZ US,1974,2,1,18,0,0
GHCND:USC00026716,PORTAL 4 SW AZ US,1974,3,1,58,0,0
GHCND:USC00026716,PORTAL 4 SW AZ US,1974,4,1,25,0,0
GHCND:USC00026716,PORTAL 4 SW AZ US,1974,5,1,5,0,0
GHCND:USC00026716,PORTAL 4 SW AZ US,1974,6,1,40,0,0
GHCND:USC00026716,PORTAL 4 SW AZ US,1974,7,1,1236,0,0
GHCND:USC00026716,PORTAL 4 SW AZ US,1974,8,1,582,0,0
GHCND:USC00026716,PORTAL 4 SW AZ US,1974,9,1,871,0,0
GHCND:USC00026716,PORTAL 4 SW AZ US,1974,10,1,714,0,0
GHCND:USC00026716,PORTAL 4 SW AZ US,1974,11,1,71,0,0
GHCND:USC00026716,PORTAL 4 SW AZ US,1974,12,1,132,0,0
GHCND:USC00026716,PORTAL 4 SW AZ US,1975,1,1,354,0,0
GHCND:USC00026716,PORTAL 4 SW AZ US,1975,2,1,72,0,0
GHCND:USC00026716,PORTAL 4 SW AZ US,1975,3,1,342,0,0
GHCND:USC00026716,PORTAL 4 SW AZ US,1975,4,1,137,0,0
GHCND:USC00026716,PORTAL 4 SW AZ US,1975,5,1,31,0,0
GHCND:USC00026716,PORTAL 4 SW AZ US,1975,6,1,11,0,0
GHCND:USC00026716,PORTAL 4 SW AZ US,1975,7,1,1349,0,0
GHCND:USC00026716,PORTAL 4 SW AZ US,1975,8,1,248,0,0
GHCND:USC00026716,PORTAL 4 SW AZ US,1975,9,1,1200,0,0
GHCND:USC00026716,PORTAL 4 SW AZ US,1975,10,1,48,0,0
GHCND:USC00026716,PORTAL 4 SW AZ US,1975,11,1,333,0,0
GHCND:USC00026716,PORTAL 4 SW AZ US,1975,12,1,321,0,0
GHCND:USC00026716,PORTAL 4 SW AZ US,1976,1,1,156,0,0
GHCND:USC00026716,PORTAL 4 SW AZ US,1976,2,1,546,0,0
GHCND:USC00026716,PORTAL 4 SW AZ US,1976,3,1,104,0,0
GHCND:USC00026716,PORTAL 4 SW AZ US,1976,4,1,122,0,0
GHCND:USC00026716,PORTAL 4 SW AZ US,1976,5,1,275,0,0
GHCND:USC00026716,PORTAL 4 SW AZ US,1976,6,1,105,0,0
GHCND:USC00026716,PORTAL 4 SW AZ US,1976,7,1,2223,0,0
GHCND:USC00026716,PORTAL 4 SW AZ US,1976,8,1,640,0,0
GHCND:USC00026716,PORTAL 4 SW AZ US,1976,9,1,803,0,0
GHCND:USC00026716,PORTAL 4 SW AZ US,1976,10,1,803,0,0
GHCND:USC00026716,PORTAL 4 SW AZ US,1976,11,1,252,0,0
GHCND:USC00026716,PORTAL 4 SW AZ US,1976,12,1,38,0,0
GHCND:USC00026716,PORTAL 4 SW AZ US,1977,1,1,555,0,0
GHCND:USC00026716,PORTAL 4 SW AZ US,1977,2,1,5,0,0
GHCND:USC00026716,PORTAL 4 SW AZ US,1977,3,1,38,0,0
GHCND:USC00026716,PORTAL 4 SW AZ US,1977,4,1,150,0,0
GHCND:USC00026716,PORTAL 4 SW AZ US,1977,5,1,13,0,0
GHCND:USC00026716,PORTAL 4 SW AZ US,1977,6,1,272,0,0
GHCND:USC00026716,PORTAL 4 SW AZ US,1977,7,1,1251,0,0
GHCND:USC00026716,PORTAL 4 SW AZ US,1977,8,1,871,0,0
GHCND:USC00026716,PORTAL 4 SW AZ US,1977,9,1,392,0,0
GHCND:USC00026716,PORTAL 4 SW AZ US,1977,10,1,632,0,0
GHCND:USC00026716,PORTAL 4 SW AZ US,1977,11,1,226,0,0
GHCND:USC00026716,PORTAL 4 SW AZ US,1977,12,1,283,0,0
GHCND:USC00026716,PORTAL 4 SW AZ US,1978,1,1,760,0,0
GHCND:USC00026716,PORTAL 4 SW AZ US,1978,2,1,478,0,0
GHCND:USC00026716,PORTAL 4 SW AZ US,1978,3,1,412,0,0
GHCND:USC00026716,PORTAL 4 SW AZ US,1978,4,1,30,0,0
GHCND:USC00026716,PORTAL 4 SW AZ US,1978,5,1,119,0,0
GHCND:USC00026716,PORTAL 4 SW AZ US,1978,6,1,105,0,0
GHCND:USC00026716,PORTAL 4 SW AZ US,1978,7,1,1235,0,0
GHCND:USC00026716,PORTAL 4 SW AZ US,1978,8,1,424,0,0
GHCND:USC00026716,PORTAL 4 SW AZ US,1978,9,1,189,0,0
GHCND:USC00026716,PORTAL 4 SW AZ US,1978,10,1,422,0,0
GHCND:USC00026716,PORTAL 4 SW AZ US,1978,11,1,790,0,0
GHCND:USC00026716,PORTAL 4 SW AZ US,1978,12,1,1237,0,0
GHCND:USC00026716,PORTAL 4 SW AZ US,1979,1,1,866,0,0
GHCND:USC00026716,PORTAL 4 SW AZ US,1979,2,1,191,0,0
GHCND:USC00026716,PORTAL 4 SW AZ US,1979,3,1,226,0,0
GHCND:USC00026716,PORTAL 4 SW AZ US,1979,4,1,96,0,0
GHCND:USC00026716,PORTAL 4 SW AZ US,1979,5,1,97,0,0
GHCND:USC00026716,PORTAL 4 SW AZ US,1979,6,1,550,0,0
GHCND:USC00026716,PORTAL 4 SW AZ US,1979,7,1,813,0,0
GHCND:USC00026716,PORTAL 4 SW AZ US,1979,8,1,545,0,0
GHCND:USC00026716,PORTAL 4 SW AZ US,1979,9,1,100,0,0
GHCND:USC00026716,PORTAL 4 SW AZ US,1979,10,1,5,0,0
GHCND:USC00026716,PORTAL 4 SW AZ US,1979,11,1,107,0,0
GHCND:USC00026716,PORTAL 4 SW AZ US,1979,12,1,261,0,0
GHCND:USC00026716,PORTAL 4 SW AZ US,1980,1,1,293,0,0
GHCND:USC00026716,PORTAL 4 SW AZ US,1980,2,1,931,0,0
GHCND:USC00026716,PORTAL 4 SW AZ US,1980,3,1,196,0,0
GHCND:USC00026716,PORTAL 4 SW AZ US,1980,4,1,94,0,0
GHCND:USC00026716,PORTAL 4 SW AZ US,1980,5,1,13,0,0
GHCND:USC00026716,PORTAL 4 SW AZ US,1980,6,1,13,0,0
GHCND:USC00026716,PORTAL 4 SW AZ US,1980,7,1,862,0,0
GHCND:USC00026716,PORTAL 4 SW AZ US,1980,8,1,802,0,0
GHCND:USC00026716,PORTAL 4 SW AZ US,1980,9,1,1192,0,0
GHCND:USC00026716,PORTAL 4 SW AZ US,1980,10,1,56,0,0
GHCND:USC00026716,PORTAL 4 SW AZ US,1980,11,1,241,0,0
GHCND:USC00026716,PORTAL 4 SW AZ US,1980,12,1,40,0,0
GHCND:USC00026716,PORTAL 4 SW AZ US,1981,1,1,361,0,0
GHCND:USC00026716,PORTAL 4 SW AZ US,1981,2,1,381,0,0
GHCND:USC00026716,PORTAL 4 SW AZ US,1981,3,1,509,0,0
GHCND:USC00026716,PORTAL 4 SW AZ US,1981,4,1,74,0,0
GHCND:USC00026716,PORTAL 4 SW AZ US,1981,5,1,18,0,0
GHCND:USC00026716,PORTAL 4 SW AZ US,1981,6,1,648,0,0
GHCND:USC00026716,PORTAL 4 SW AZ US,1981,7,1,1830,0,0
GHCND:USC00026716,PORTAL 4 SW AZ US,1981,8,1,681,0,0
GHCND:USC00026716,PORTAL 4 SW AZ US,1981,9,1,256,0,0
GHCND:USC00026716,PORTAL 4 SW AZ US,1981,10,1,313,0,0
GHCND:USC00026716,PORTAL 4 SW AZ US,1981,11,1,513,0,0
GHCND:USC00026716,PORTAL 4 SW AZ US,1981,12,1,0,0,0
GHCND:USC00026716,PORTAL 4 SW AZ US,1982,1,1,708,0,0
GHCND:USC00026716,PORTAL 4 SW AZ US,1982,2,1,432,0,0
GHCND:USC00026716,PORTAL 4 SW AZ US,1982,3,1,325,0,0
GHCND:USC00026716,PORTAL 4 SW AZ US,1982,4,1,168,0,0
GHCND:USC00026716,PORTAL 4 SW AZ US,1982,5,1,167,0,0
GHCND:USC00026716,PORTAL 4 SW AZ US,1982,6,1,41,0,0
GHCND:USC00026716,PORTAL 4 SW AZ US,1982,7,1,631,0,0
GHCND:USC00026716,PORTAL 4 SW AZ US,1982,8,1,668,0,0
GHCND:USC00026716,PORTAL 4 SW AZ US,1982,9,1,762,0,0
GHCND:USC00026716,PORTAL 4 SW AZ US,1982,10,1,0,0,0
GHCND:USC00026716,PORTAL 4 SW AZ US,1982,11,1,884,0,0
GHCND:USC00026716,PORTAL 4 SW AZ US,1982,12,1,1226,0,0
GHCND:USC00026716,PORTAL 4 SW AZ US,1983,1,1,208,0,0
GHCND:USC00026716,PORTAL 4 SW AZ US,1983,2,1,497,0,0
GHCND:USC00026716,PORTAL 4 SW AZ US,1983,3,1,815,0,0
GHCND:USC00026716,PORTAL 4 SW AZ US,1983,4,1,161,0,0
GHCND:USC00026716,PORTAL 4 SW AZ US,1983,5,1,3,0,0
GHCND:USC00026716,PORTAL 4 SW AZ US,1983,6,1,5,0,0
GHCND:USC00026716,PORTAL 4 SW AZ US,1983,7,1,733,0,0
GHCND:USC00026716,PORTAL 4 SW AZ US,1983,8,1,322,0,0
GHCND:USC00026716,PORTAL 4 SW AZ US,1983,9,1,1466,0,0
GHCND:USC00026716,PORTAL 4 SW AZ US,1983,10,1,1085,0,0
GHCND:USC00026716,PORTAL 4 SW AZ US,1983,11,1,866,0,0
GHCND:USC00026716,PORTAL 4 SW AZ US,1983,12,1,296,0,0
GHCND:USC00026716,PORTAL 4 SW AZ US,1984,1,1,470,0,0
GHCND:USC00026716,PORTAL 4 SW AZ US,1984,2,1,8,0,0
GHCND:USC00026716,PORTAL 4 SW AZ US,1984,3,1,0,0,0
GHCND:USC00026716,PORTAL 4 SW AZ US,1984,4,1,170,0,0
GHCND:USC00026716,PORTAL 4 SW AZ US,1984,5,1,56,0,0
GHCND:USC00026716,PORTAL 4 SW AZ US,1984,6,1,384,0,0
GHCND:USC00026716,PORTAL 4 SW AZ US,1984,7,1,1196,0,0
GHCND:USC00026716,PORTAL 4 SW AZ US,1984,8,1,1497,0,0
GHCND:USC00026716,PORTAL 4 SW AZ US,1984,9,1,46,0,0
GHCND:USC00026716,PORTAL 4 SW AZ US,1984,10,1,723,0,0
GHCND:USC00026716,PORTAL 4 SW AZ US,1984,11,1,290,0,0
GHCND:USC00026716,PORTAL 4 SW AZ US,1984,12,1,1421,0,0
GHCND:USC00026716,PORTAL 4 SW AZ US,1985,1,1,486,0,0
GHCND:USC00026716,PORTAL 4 SW AZ US,1985,2,1,362,0,0
GHCND:USC00026716,PORTAL 4 SW AZ US,1985,3,1,124,0,0
GHCND:USC00026716,PORTAL 4 SW AZ US,1985,4,1,564,0,0
GHCND:USC00026716,PORTAL 4 SW AZ US,1985,5,1,51,0,0
GHCND:USC00026716,PORTAL 4 SW AZ US,1985,6,1,290,0,0
GHCND:USC00026716,PORTAL 4 SW AZ US,1985,7,1,764,0,0
GHCND:USC00026716,PORTAL 4 SW AZ US,1985,8,1,1090,0,0
GHCND:USC00026716,PORTAL 4 SW AZ US,1985,9,1,844,0,0
GHCND:USC00026716,PORTAL 4 SW AZ US,1985,10,1,1193,0,0
GHCND:USC00026716,PORTAL 4 SW AZ US,1985,11,1,380,0,0
GHCND:USC00026716,PORTAL 4 SW AZ US,1985,12,1,97,0,0
GHCND:USC00026716,PORTAL 4 SW AZ US,1986,1,1,50,0,0
GHCND:USC00026716,PORTAL 4 SW AZ US,1986,2,1,401,0,0
GHCND:USC00026716,PORTAL 4 SW AZ US,1986,3,1,482,0,0
GHCND:USC00026716,PORTAL 4 SW AZ US,1986,4,1,62,0,0
GHCND:USC00026716,PORTAL 4 SW AZ US,1986,5,1,155,0,0
GHCND:USC00026716,PORTAL 4 SW AZ US,1986,6,1,270,0,0
GHCND:USC00026716,PORTAL 4 SW AZ US,1986,7,1,1608,0,0
GHCND:USC00026716,PORTAL 4 SW AZ US,1986,8,1,1047,0,0
GHCND:USC00026716,PORTAL 4 SW AZ US,1986,9,1,323,0,0
GHCND:USC00026716,PORTAL 4 SW AZ US,1986,10,1,207,0,0
GHCND:USC00026716,PORTAL 4 SW AZ US,1986,11,1,501,0,0
GHCND:USC00026716,PORTAL 4 SW AZ US,1986,12,1,989,0,0
GHCND:USC00026716,PORTAL 4 SW AZ US,1987,1,1,128,0,0
GHCND:USC00026716,PORTAL 4 SW AZ US,1987,2,1,335,0,0
GHCND:USC00026716,PORTAL 4 SW AZ US,1987,3,1,143,0,0
GHCND:USC00026716,PORTAL 4 SW AZ US,1987,4,1,960,0,0
GHCND:USC00026716,PORTAL 4 SW AZ US,1987,5,1,313,0,0
GHCND:USC00026716,PORTAL 4 SW AZ US,1987,6,1,387,0,0
GHCND:USC00026716,PORTAL 4 SW AZ US,1987,7,1,898,0,0
GHCND:USC00026716,PORTAL 4 SW AZ US,1987,8,1,1288,0,0
GHCND:USC00026716,PORTAL 4 SW AZ US,1987,9,1,429,0,0
GHCND:USC00026716,PORTAL 4 SW AZ US,1987,10,1,407,0,0
GHCND:USC00026716,PORTAL 4 SW AZ US,1987,11,1,102,0,0
GHCND:USC00026716,PORTAL 4 SW AZ US,1987,12,1,993,0,0
GHCND:USC00026716,PORTAL 4 SW AZ US,1988,1,1,511,0,0
GHCND:USC00026716,PORTAL 4 SW AZ US,1988,2,1,369,0,0
GHCND:USC00026716,PORTAL 4 SW AZ US,1988,3,1,28,0,0
GHCND:USC00026716,PORTAL 4 SW AZ US,1988,4,1,382,0,0
GHCND:USC00026716,PORTAL 4 SW AZ US,1988,5,1,0,0,0
GHCND:USC00026716,PORTAL 4 SW AZ US,1988,6,1,333,0,0
GHCND:USC00026716,PORTAL 4 SW AZ US,1988,7,1,1015,0,0
GHCND:USC00026716,PORTAL 4 SW AZ US,1988,8,1,2242,0,0
GHCND:USC00026716,PORTAL 4 SW AZ US,1988,9,1,2654,0,0
GHCND:USC00026716,PORTAL 4 SW AZ US,1988,10,1,826,0,0
GHCND:USC00026716,PORTAL 4 SW AZ US,1988,11,1,300,0,0
GHCND:USC00026716,PORTAL 4 SW AZ US,1988,12,1,345,0,0
GHCND:USC00026716,PORTAL 4 SW AZ US,1989,1,1,445,0,0
GHCND:USC00026716,PORTAL 4 SW AZ US,1989,2,1,211,0,0
GHCND:USC00026716,PORTAL 4 SW AZ US,1989,3,1,227,0,0
GHCND:USC00026716,PORTAL 4 SW AZ US,1989,4,1,25,0,0
GHCND:USC00026716,PORTAL 4 SW AZ US,1989,5,1,79,0,0
GHCND:USC00026716,PORTAL 4 SW AZ US,1989,6,1,20,0,0
GHCND:USC00026716,PORTAL 4 SW AZ US,1989,7,1,1199,0,0
GHCND:USC00026716,PORTAL 4 SW AZ US,1989,8,1,1218,0,0
GHCND:USC00026716,PORTAL 4 SW AZ US,1989,9,1,196,0,0
GHCND:USC00026716,PORTAL 4 SW AZ US,1989,10,1,413,0,0
GHCND:USC00026716,PORTAL 4 SW AZ US,1989,11,1,0,0,0
GHCND:USC00026716,PORTAL 4 SW AZ US,1989,12,1,66,0,0
GHCND:USC00026716,PORTAL 4 SW AZ US,1990,1,1,106,0,0
GHCND:USC00026716,PORTAL 4 SW AZ US,1990,2,1,258,0,0
GHCND:USC00026716,PORTAL 4 SW AZ US,1990,3,1,87,0,0
GHCND:USC00026716,PORTAL 4 SW AZ US,1990,4,1,61,0,0
GHCND:USC00026716,PORTAL 4 SW AZ US,1990,5,1,82,0,0
GHCND:USC00026716,PORTAL 4 SW AZ US,1990,6,1,180,0,0
GHCND:USC00026716,PORTAL 4 SW AZ US,1990,7,1,1753,0,0
GHCND:USC00026716,PORTAL 4 SW AZ US,1990,8,1,719,0,0
GHCND:USC00026716,PORTAL 4 SW AZ US,1990,9,1,1054,0,0
GHCND:USC00026716,PORTAL 4 SW AZ US,1990,10,1,208,0,0
GHCND:USC00026716,PORTAL 4 SW AZ US,1990,11,1,679,0,0
GHCND:USC00026716,PORTAL 4 SW AZ US,1990,12,1,460,0,0
GHCND:USC00026716,PORTAL 4 SW AZ US,1991,1,1,837,0,0
GHCND:USC00026716,PORTAL 4 SW AZ US,1991,2,1,449,0,0
GHCND:USC00026716,PORTAL 4 SW AZ US,1991,3,1,577,0,0
GHCND:USC00026716,PORTAL 4 SW AZ US,1991,4,1,0,0,0
GHCND:USC00026716,PORTAL 4 SW AZ US,1991,5,1,8,0,0
GHCND:USC00026716,PORTAL 4 SW AZ US,1991,6,1,546,0,0
GHCND:USC00026716,PORTAL 4 SW AZ US,1991,7,1,1110,0,0
GHCND:USC00026716,PORTAL 4 SW AZ US,1991,8,1,1197,0,0
GHCND:USC00026716,PORTAL 4 SW AZ US,1991,9,1,1049,0,0
GHCND:USC00026716,PORTAL 4 SW AZ US,1991,10,1,187,0,0
GHCND:USC00026716,PORTAL 4 SW AZ US,1991,11,1,313,0,0
GHCND:USC00026716,PORTAL 4 SW AZ US,1991,12,1,1105,0,0
GHCND:USC00026716,PORTAL 4 SW AZ US,1992,1,1,477,0,0
GHCND:USC00026716,PORTAL 4 SW AZ US,1992,2,1,365,0,0
GHCND:USC00026716,PORTAL 4 SW AZ US,1992,3,1,455,0,0
GHCND:USC00026716,PORTAL 4 SW AZ US,1992,4,1,157,0,0
GHCND:USC00026716,PORTAL 4 SW AZ US,1992,5,1,1265,0,0
GHCND:USC00026716,PORTAL 4 SW AZ US,1992,6,1,76,0,0
GHCND:USC00026716,PORTAL 4 SW AZ US,1992,7,1,583,0,0
GHCND:USC00026716,PORTAL 4 SW AZ US,1992,8,1,1382,0,0
GHCND:USC00026716,PORTAL 4 SW AZ US,1992,9,1,340,0,0
GHCND:USC00026716,PORTAL 4 SW AZ US,1992,10,1,185,0,0
GHCND:USC00026716,PORTAL 4 SW AZ US,1992,11,1,124,0,0
GHCND:USC00026716,PORTAL 4 SW AZ US,1992,12,1,724,0,0
GHCND:USC00026716,PORTAL 4 SW AZ US,1993,1,1,1217,0,0
GHCND:USC00026716,PORTAL 4 SW AZ US,1993,2,1,434,0,0
GHCND:USC00026716,PORTAL 4 SW AZ US,1993,3,1,163,0,0
GHCND:USC00026716,PORTAL 4 SW AZ US,1993,4,1,0,0,0
GHCND:USC00026716,PORTAL 4 SW AZ US,1993,5,1,137,0,0
GHCND:USC00026716,PORTAL 4 SW AZ US,1993,6,1,0,0,0
GHCND:USC00026716,PORTAL 4 SW AZ US,1993,7,1,642,0,0
GHCND:USC00026716,PORTAL 4 SW AZ US,1993,8,1,2270,0,0
GHCND:USC00026716,PORTAL 4 SW AZ US,1993,9,1,69,0,0
GHCND:USC00026716,PORTAL 4 SW AZ US,1993,10,1,93,0,0
GHCND:USC00026716,PORTAL 4 SW AZ US,1993,11,1,429,0,0
GHCND:USC00026716,PORTAL 4 SW AZ US,1993,12,1,74,0,0
GHCND:USC00026716,PORTAL 4 SW AZ US,1994,1,1,30,0,0
GHCND:USC00026716,PORTAL 4 SW AZ US,1994,2,1,244,0,0
GHCND:USC00026716,PORTAL 4 SW AZ US,1994,3,1,576,0,0
GHCND:USC00026716,PORTAL 4 SW AZ US,1994,4,1,46,0,0
GHCND:USC00026716,PORTAL 4 SW AZ US,1994,5,1,13,0,0
GHCND:USC00026716,PORTAL 4 SW AZ US,1994,6,1,87,0,0
GHCND:USC00026716,PORTAL 4 SW AZ US,1994,7,1,376,0,0
GHCND:USC00026716,PORTAL 4 SW AZ US,1994,8,1,924,0,0
GHCND:USC00026716,PORTAL 4 SW AZ US,1994,9,1,618,0,0
GHCND:USC00026716,PORTAL 4 SW AZ US,1994,10,1,160,0,0
GHCND:USC00026716,PORTAL 4 SW AZ US,1994,11,1,1595,0,0
GHCND:USC00026716,PORTAL 4 SW AZ US,1994,12,1,1452,0,0
GHCND:USC00026716,PORTAL 4 SW AZ US,1995,1,1,508,0,0
GHCND:USC00026716,PORTAL 4 SW AZ US,1995,2,1,385,0,0
GHCND:USC00026716,PORTAL 4 SW AZ US,1995,3,1,259,0,0
GHCND:USC00026716,PORTAL 4 SW AZ US,1995,4,1,25,0,0
GHCND:USC00026716,PORTAL 4 SW AZ US,1995,5,1,10,0,0
GHCND:USC00026716,PORTAL 4 SW AZ US,1995,6,1,33,0,0
GHCND:USC00026716,PORTAL 4 SW AZ US,1995,7,1,874,0,0
GHCND:USC00026716,PORTAL 4 SW AZ US,1995,8,1,754,0,0
GHCND:USC00026716,PORTAL 4 SW AZ US,1995,9,1,1122,0,0
GHCND:USC00026716,PORTAL 4 SW AZ US,1995,10,1,163,0,0
GHCND:USC00026716,PORTAL 4 SW AZ US,1995,11,1,102,0,0
GHCND:USC00026716,PORTAL 4 SW AZ US,1995,12,1,118,0,0
GHCND:USC00026716,PORTAL 4 SW AZ US,1996,1,1,61,0,0
GHCND:USC00026716,PORTAL 4 SW AZ US,1996,2,1,76,0,0
GHCND:USC00026716,PORTAL 4 SW AZ US,1996,3,1,21,0,0
GHCND:USC00026716,PORTAL 4 SW AZ US,1996,4,1,117,0,0
GHCND:USC00026716,PORTAL 4 SW AZ US,1996,5,1,0,0,0
GHCND:USC00026716,PORTAL 4 SW AZ US,1996,6,1,1619,0,0
GHCND:USC00026716,PORTAL 4 SW AZ US,1996,7,1,1302,0,0
GHCND:USC00026716,PORTAL 4 SW AZ US,1996,8,1,606,0,0
GHCND:USC00026716,PORTAL 4 SW AZ US,1996,9,1,349,0,0
GHCND:USC00026716,PORTAL 4 SW AZ US,1996,10,1,528,0,0
GHCND:USC00026716,PORTAL 4 SW AZ US,1996,11,1,155,0,0
GHCND:USC00026716,PORTAL 4 SW AZ US,1996,12,1,0,0,0
GHCND:USC00026716,PORTAL 4 SW AZ US,1997,1,1,534,0,0
GHCND:USC00026716,PORTAL 4 SW AZ US,1997,2,1,566,0,0
GHCND:USC00026716,PORTAL 4 SW AZ US,1997,3,1,89,0,0
GHCND:USC00026716,PORTAL 4 SW AZ US,1997,4,1,135,0,0
GHCND:USC00026716,PORTAL 4 SW AZ US,1997,5,1,701,0,0
GHCND:USC00026716,PORTAL 4 SW AZ US,1997,6,1,77,0,0
GHCND:USC00026716,PORTAL 4 SW AZ US,1997,7,1,828,0,0
GHCND:USC00026716,PORTAL 4 SW AZ US,1997,8,1,1038,0,0
GHCND:USC00026716,PORTAL 4 SW AZ US,1997,9,1,856,0,0
GHCND:USC00026716,PORTAL 4 SW AZ US,1997,10,1,528,0,0
GHCND:USC00026716,PORTAL 4 SW AZ US,1997,11,1,266,0,0
GHCND:USC00026716,PORTAL 4 SW AZ US,1997,12,1,1042,0,0
GHCND:USC00026716,PORTAL 4 SW AZ US,1998,1,1,0,0,0
GHCND:USC00026716,PORTAL 4 SW AZ US,1998,2,1,640,0,0
GHCND:USC00026716,PORTAL 4 SW AZ US,1998,3,1,493,0,0
GHCND:USC00026716,PORTAL 4 SW AZ US,1998,4,1,23,0,0
GHCND:USC00026716,PORTAL 4 SW AZ US,1998,5,1,0,0,0
GHCND:USC00026716,PORTAL 4 SW AZ US,1998,6,1,43,0,0
GHCND:USC00026716,PORTAL 4 SW AZ US,1998,7,1,1389,0,0
GHCND:USC00026716,PORTAL 4 SW AZ US,1998,8,1,359,0,0
GHCND:USC00026716,PORTAL 4 SW AZ US,1998,9,1,468,0,0
GHCND:USC00026716,PORTAL 4 SW AZ US,1998,10,1,486,0,0
GHCND:USC00026716,PORTAL 4 SW AZ US,1998,11,1,617,0,0
GHCND:USC00026716,PORTAL 4 SW AZ US,1998,12,1,267,0,0
GHCND:USC00026716,PORTAL 4 SW AZ US,1999,1,1,0,0,0
GHCND:USC00026716,PORTAL 4 SW AZ US,1999,2,1,0,0,0
GHCND:USC00026716,PORTAL 4 SW AZ US,1999,3,1,30,0,0
GHCND:USC00026716,PORTAL 4 SW AZ US,1999,4,1,117,0,0
GHCND:USC00026716,PORTAL 4 SW AZ US,1999,5,1,0,0,0
GHCND:USC00026716,PORTAL 4 SW AZ US,1999,6,1,144,0,0
GHCND:USC00026716,PORTAL 4 SW AZ US,1999,7,1,1709,0,0
GHCND:USC00026716,PORTAL 4 SW AZ US,1999,8,1,1106,0,0
GHCND:USC00026716,PORTAL 4 SW AZ US,1999,9,1,404,0,0
GHCND:USC00026716,PORTAL 4 SW AZ US,1999,10,1,23,0,0
GHCND:USC00026716,PORTAL 4 SW AZ US,1999,11,1,0,0,0
GHCND:USC00026716,PORTAL 4 SW AZ US,1999,12,1,94,0,0
GHCND:USC00026716,PORTAL 4 SW AZ US,2000,1,1,0,0,0
GHCND:USC00026716,PORTAL 4 SW AZ US,2000,2,1,13,0,0
GHCND:USC00026716,PORTAL 4 SW AZ US,2000,3,1,108,0,0
GHCND:USC00026716,PORTAL 4 SW AZ US,2000,4,1,0,0,0
GHCND:USC00026716,PORTAL 4 SW AZ US,2000,5,1,0,0,0
GHCND:USC00026716,PORTAL 4 SW AZ US,2000,6,1,1189,0,0
GHCND:USC00026716,PORTAL 4 SW AZ US,2000,7,1,315,0,0
GHCND:USC00026716,PORTAL 4 SW AZ US,2000,8,1,622,0,0
GHCND:USC00026716,PORTAL 4 SW AZ US,2000,10,1,1985,0,0
GHCND:USC00026716,PORTAL 4 SW AZ US,2000,11,1,424,0,0
GHCND:USC00026716,PORTAL 4 SW AZ US,2000,12,1,132,0,0
GHCND:USC00026716,PORTAL 4 SW AZ US,2001,1,1,437,0,0
GHCND:USC00026716,PORTAL 4 SW AZ US,2001,2,1,140,0,0
GHCND:USC00026716,PORTAL 4 SW AZ US,2001,3,1,117,0,0
GHCND:USC00026716,PORTAL 4 SW AZ US,2001,4,1,264,0,0
GHCND:USC00026716,PORTAL 4 SW AZ US,2001,5,1,95,0,0
GHCND:USC00026716,PORTAL 4 SW AZ US,2001,6,1,155,0,0
GHCND:USC00026716,PORTAL 4 SW AZ US,2001,7,1,770,0,0
GHCND:USC00026716,PORTAL 4 SW AZ US,2001,8,1,967,0,0
GHCND:USC00026716,PORTAL 4 SW AZ US,2001,9,1,583,0,0
GHCND:USC00026716,PORTAL 4 SW AZ US,2001,10,1,141,0,0
GHCND:USC00026716,PORTAL 4 SW AZ US,2001,11,1,169,0,0
GHCND:USC00026716,PORTAL 4 SW AZ US,2001,12,1,107,0,0
GHCND:USC00026716,PORTAL 4 SW AZ US,2002,1,1,209,0,0
GHCND:USC00026716,PORTAL 4 SW AZ US,2002,2,1,412,0,0
GHCND:USC00026716,PORTAL 4 SW AZ US,2002,3,1,0,0,0
GHCND:USC00026716,PORTAL 4 SW AZ US,2002,4,1,0,0,0
GHCND:USC00026716,PORTAL 4 SW AZ US,2002,5,1,0,0,0
GHCND:USC00026716,PORTAL 4 SW AZ US,2002,6,1,18,0,0
GHCND:USC00026716,PORTAL 4 SW AZ US,2002,7,1,325,0,0
GHCND:USC00026716,PORTAL 4 SW AZ US,2002,8,1,1288,0,0
GHCND:USC00026716,PORTAL 4 SW AZ US,2002,9,1,299,0,0
GHCND:USC00026716,PORTAL 4 SW AZ US,2002,10,1,113,0,0
GHCND:USC00026716,PORTAL 4 SW AZ US,2002,11,1,119,0,0
GHCND:USC00026716,PORTAL 4 SW AZ US,2002,12,1,356,0,0
GHCND:USC00026716,PORTAL 4 SW AZ US,2003,1,1,33,0,0
GHCND:USC00026716,PORTAL 4 SW AZ US,2003,2,1,653,0,0
GHCND:USC00026716,PORTAL 4 SW AZ US,2003,3,1,117,0,0
GHCND:USC00026716,PORTAL 4 SW AZ US,2003,4,1,41,0,0
GHCND:USC00026716,PORTAL 4 SW AZ US,2003,5,1,13,0,0
GHCND:USC00026716,PORTAL 4 SW AZ US,2003,6,1,156,0,0
GHCND:USC00026716,PORTAL 4 SW AZ US,2003,7,1,594,0,0
GHCND:USC00026716,PORTAL 4 SW AZ US,2003,8,1,597,0,0
GHCND:USC00026716,PORTAL 4 SW AZ US,2003,9,1,138,0,0
GHCND:USC00026716,PORTAL 4 SW AZ US,2003,10,1,69,0,0
GHCND:USC00026716,PORTAL 4 SW AZ US,2003,11,1,387,0,0
GHCND:USC00026716,PORTAL 4 SW AZ US,2003,12,1,110,0,0
GHCND:USC00026716,PORTAL 4 SW AZ US,2004,1,1,814,0,0
GHCND:USC00026716,PORTAL 4 SW AZ US,2004,2,1,223,0,0
GHCND:USC00026716,PORTAL 4 SW AZ US,2004,3,1,353,0,0
GHCND:USC00026716,PORTAL 4 SW AZ US,2004,4,1,434,0,0
GHCND:USC00026716,PORTAL 4 SW AZ US,2004,5,1,127,0,0
GHCND:USC00026716,PORTAL 4 SW AZ US,2004,6,1,133,0,0
GHCND:USC00026716,PORTAL 4 SW AZ US,2004,7,1,589,0,0
GHCND:USC00026716,PORTAL 4 SW AZ US,2004,8,1,974,0,0
GHCND:USC00026716,PORTAL 4 SW AZ US,2004,9,1,575,0,0
GHCND:USC00026716,PORTAL 4 SW AZ US,2004,10,1,235,0,0
GHCND:USC00026716,PORTAL 4 SW AZ US,2004,11,1,388,0,0
GHCND:USC00026716,PORTAL 4 SW AZ US,2004,12,1,514,0,0
GHCND:USC00026716,PORTAL 4 SW AZ US,2005,1,1,915,0,0
GHCND:USC00026716,PORTAL 4 SW AZ US,2005,2,1,739,0,0
GHCND:USC00026716,PORTAL 4 SW AZ US,2005,3,1,193,0,0
GHCND:USC00026716,PORTAL 4 SW AZ US,2005,4,1,152,0,0
GHCND:USC00026716,PORTAL 4 SW AZ US,2005,5,1,13,0,0
GHCND:USC00026716,PORTAL 4 SW AZ US,2005,6,1,35,0,0
GHCND:USC00026716,PORTAL 4 SW AZ US,2005,7,1,1241,0,0
GHCND:USC00026716,PORTAL 4 SW AZ US,2005,8,1,1181,0,0
GHCND:USC00026716,PORTAL 4 SW AZ US,2005,9,1,830,0,0
GHCND:USC00026716,PORTAL 4 SW AZ US,2005,10,1,383,0,0
GHCND:USC00026716,PORTAL 4 SW AZ US,2005,11,1,0,0,0
GHCND:USC00026716,PORTAL 4 SW AZ US,2005,12,1,58,0,0
GHCND:USC00026716,PORTAL 4 SW AZ US,2006,1,1,71,0,0
GHCND:USC00026716,PORTAL 4 SW AZ US,2006,2,1,43,0,0
GHCND:USC00026716,PORTAL 4 SW AZ US,2006,3,1,267,0,0
GHCND:USC00026716,PORTAL 4 SW AZ US,2006,4,1,74,0,0
GHCND:USC00026716,PORTAL 4 SW AZ US,2006,5,1,31,0,0
GHCND:USC00026716,PORTAL 4 SW AZ US,2006,6,1,115,0,0
GHCND:USC00026716,PORTAL 4 SW AZ US,2006,7,1,1300,0,0
GHCND:USC00026716,PORTAL 4 SW AZ US,2006,8,1,2183,0,0
GHCND:USC00026716,PORTAL 4 SW AZ US,2006,9,1,1343,0,0
GHCND:USC00026716,PORTAL 4 SW AZ US,2006,10,1,371,0,0
GHCND:USC00026716,PORTAL 4 SW AZ US,2006,11,1,0,0,0
GHCND:USC00026716,PORTAL 4 SW AZ US,2006,12,1,195,0,0
GHCND:USC00026716,PORTAL 4 SW AZ US,2007,1,1,695,0,0
GHCND:USC00026716,PORTAL 4 SW AZ US,2007,2,1,110,0,0
GHCND:USC00026716,PORTAL 4 SW AZ US,2007,3,1,310,0,0
GHCND:USC00026716,PORTAL 4 SW AZ US,2007,4,1,212,0,0
GHCND:USC00026716,PORTAL 4 SW AZ US,2007,5,1,125,0,0
GHCND:USC00026716,PORTAL 4 SW AZ US,2007,6,1,120,0,0
GHCND:USC00026716,PORTAL 4 SW AZ US,2007,7,1,772,0,0
GHCND:USC00026716,PORTAL 4 SW AZ US,2007,8,1,1109,0,0
GHCND:USC00026716,PORTAL 4 SW AZ US,2007,9,1,320,0,0
GHCND:USC00026716,PORTAL 4 SW AZ US,2007,10,1,8,0,0
GHCND:USC00026716,PORTAL 4 SW AZ US,2007,11,1,266,0,0
GHCND:USC00026716,PORTAL 4 SW AZ US,2007,12,1,1463,0,0
GHCND:USC00026716,PORTAL 4 SW AZ US,2008,1,1,0,0,0
GHCND:USC00026716,PORTAL 4 SW AZ US,2008,2,1,155,0,0
GHCND:USC00026716,PORTAL 4 SW AZ US,2008,3,1,0,0,0
GHCND:USC00026716,PORTAL 4 SW AZ US,2008,4,1,0,0,0
GHCND:USC00026716,PORTAL 4 SW AZ US,2008,5,1,160,0,0
GHCND:USC00026716,PORTAL 4 SW AZ US,2008,6,1,5,0,0
GHCND:USC00026716,PORTAL 4 SW AZ US,2008,7,1,2518,0,0
GHCND:USC00026716,PORTAL 4 SW AZ US,2008,8,1,1120,0,0
GHCND:USC00026716,PORTAL 4 SW AZ US,2008,9,1,499,0,0
GHCND:USC00026716,PORTAL 4 SW AZ US,2008,10,1,59,0,0
GHCND:USC00026716,PORTAL 4 SW AZ US,2008,11,1,0,0,0
GHCND:USC00026716,PORTAL 4 SW AZ US,2008,12,1,352,0,0
GHCND:USC00026716,PORTAL 4 SW AZ US,2009,1,1,150,0,0
GHCND:USC00026716,PORTAL 4 SW AZ US,2009,2,1,61,0,0
GHCND:USC00026716,PORTAL 4 SW AZ US,2009,3,1,249,0,0
GHCND:USC00026716,PORTAL 4 SW AZ US,2009,4,1,36,0,0
GHCND:USC00026716,PORTAL 4 SW AZ US,2009,5,1,275,0,0
GHCND:USC00026716,PORTAL 4 SW AZ US,2009,6,1,848,0,0
GHCND:USC00026716,PORTAL 4 SW AZ US,2009,7,1,545,0,0
GHCND:USC00026716,PORTAL 4 SW AZ US,2009,8,1,419,0,0
GHCND:USC00026716,PORTAL 4 SW AZ US,2009,9,1,961,0,0
GHCND:USC00026716,PORTAL 4 SW AZ US,2009,10,1,343,0,0
GHCND:USC00026716,PORTAL 4 SW AZ US,2009,11,1,0,0,0
GHCND:USC00026716,PORTAL 4 SW AZ US,2009,12,1,280,0,0
GHCND:USC00026716,PORTAL 4 SW AZ US,2010,1,1,997,0,0
GHCND:USC00026716,PORTAL 4 SW AZ US,2010,2,1,778,0,0
GHCND:USC00026716,PORTAL 4 SW AZ US,2010,3,1,224,0,0
GHCND:USC00026716,PORTAL 4 SW AZ US,2010,4,1,38,0,0
GHCND:USC00026716,PORTAL 4 SW AZ US,2010,5,1,38,0,0
GHCND:USC00026716,PORTAL 4 SW AZ US,2010,6,1,28,0,0
GHCND:USC00026716,PORTAL 4 SW AZ US,2010,7,1,1208,0,0
GHCND:USC00026716,PORTAL 4 SW AZ US,2010,8,1,1700,0,0
GHCND:USC00026716,PORTAL 4 SW AZ US,2010,9,1,194,0,0
GHCND:USC00026716,PORTAL 4 SW AZ US,2010,10,1,353,0,0
GHCND:USC00026716,PORTAL 4 SW AZ US,2010,11,1,20,0,0
GHCND:USC00026716,PORTAL 4 SW AZ US,2010,12,1,35,0,0
GHCND:USC00026716,PORTAL 4 SW AZ US,2011,1,1,5,0,0
GHCND:USC00026716,PORTAL 4 SW AZ US,2011,2,1,76,0,0
GHCND:USC00026716,PORTAL 4 SW AZ US,2011,3,1,0,0,0
GHCND:USC00026716,PORTAL 4 SW AZ US,2011,4,1,66,0,0
GHCND:USC00026716,PORTAL 4 SW AZ US,2011,5,1,0,0,0
GHCND:USC00026716,PORTAL 4 SW AZ US,2011,6,1,106,0,0
GHCND:USC00026716,PORTAL 4 SW AZ US,2011,7,1,1047,0,0
GHCND:USC00026716,PORTAL 4 SW AZ US,2011,8,1,606,0,0
GHCND:USC00026716,PORTAL 4 SW AZ US,2011,9,1,476,0,0
GHCND:USC00026716,PORTAL 4 SW AZ US,2011,10,1,310,0,0
GHCND:USC00026716,PORTAL 4 SW AZ US,2011,11,1,424,0,0
GHCND:USC00026716,PORTAL 4 SW AZ US,2011,12,1,591,0,0
GHCND:USC00026716,PORTAL 4 SW AZ US,2012,1,1,140,0,0
GHCND:USC00026716,PORTAL 4 SW AZ US,2012,2,1,138,0,0
GHCND:USC00026716,PORTAL 4 SW AZ US,2012,3,1,155,0,0
GHCND:USC00026716,PORTAL 4 SW AZ US,2012,4,1,38,0,0
GHCND:USC00026716,PORTAL 4 SW AZ US,2012,5,1,38,0,0
GHCND:USC00026716,PORTAL 4 SW AZ US,2012,6,1,23,0,0
GHCND:USC00026716,PORTAL 4 SW AZ US,2012,7,1,413,0,0
GHCND:USC00026716,PORTAL 4 SW AZ US,2012,8,1,915,0,0
GHCND:USC00026716,PORTAL 4 SW AZ US,2012,9,1,531,0,0
GHCND:USC00026716,PORTAL 4 SW AZ US,2012,10,1,0,0,0
GHCND:USC00026716,PORTAL 4 SW AZ US,2012,11,1,50,0,0
GHCND:USC00026716,PORTAL 4 SW AZ US,2012,12,1,594,0,0
GHCND:USC00026716,PORTAL 4 SW AZ US,2013,1,1,202,0,0
GHCND:USC00026716,PORTAL 4 SW AZ US,2013,2,1,102,0,0
GHCND:USC00026716,PORTAL 4 SW AZ US,2013,3,1,218,0,0
GHCND:USC00026716,PORTAL 4 SW AZ US,2013,4,1,43,0,0
GHCND:USC00026716,PORTAL 4 SW AZ US,2013,5,1,0,0,0
GHCND:USC00026716,PORTAL 4 SW AZ US,2013,6,1,107,0,0
GHCND:USC00026716,PORTAL 4 SW AZ US,2013,7,1,1804,0,0
GHCND:USC00026716,PORTAL 4 SW AZ US,2013,8,1,1252,0,0
GHCND:USC00026716,PORTAL 4 SW AZ US,2013,9,1,418,0,0
GHCND:USC00026716,PORTAL 4 SW AZ US,2013,10,1,0,0,0
GHCND:USC00026716,PORTAL 4 SW AZ US,2013,11,1,330,0,0
GHCND:USC00026716,PORTAL 4 SW AZ US,2013,12,1,173,0,0
